{
    "loss": 9.471105575561523,
    "accuracy": 0.5686274766921997
}